23.wav,السلام علیکم میرا نام محمد سلیمان ہے اور اج میں اپ لوگوں کو لیس کے بارے میں بتاؤں گا لیس جو ہے کسی کو پسند ہے یا کسی کو نہیں پسند کوئی کالج ہے کوئی نہیں کھاتا میں پرسنلی کبھی جو میرا دل کرے تو میں کھا لیتا ہوں ہفتے میں 10 دن میں ایک بار جب میرا دل نہیں کرتا تو میں بالکل بھی ورڈ کرتا ہوں اور کافی لوگ ہیں جو لے اس کو پسند کرتے ہیں بٹ میں پرسنلی لیٹس کو اتنا خاص پسند نہیں کرتا ٹیسٹ بھی اچھا ہے کبھی کبھار اچھا ہو جاتا ہے کبھی ان کا ٹیسٹ جو ہے وہ تھوڑا سا تبدیل ہو کے عجیب سا ٹریس کرنی ہے وہ ملتا ہے لیکن اوور الحس ٹھیک ہے اگر اپ کو اچھا لگے تو اپ کرائے گا تو اپ نہ کریں,Transcribed,44.76,137,0
32.wav,کافی حد تک گیم ہے میں نے بہت بڑا ہے جب بھی خیر بہت اچھا لگا ماشاء اللہ کمپنی کے بارے میں سب سے اچھی کمپنی ہے,Transcribed,31.061,27,1
35.wav,بہت اچھے لگے میں تو بہت لائک کرتا ہوں کھاتا ہوں اور اس میں اور بہت ساری کوالٹیز ہیں اس کے ساتھ لیبر ہیں تو اپ ہی ٹرائی کریں اس کو سبسکرائب کریں تاکہ بہت اچھی ہے اور میرے سے بہت لائٹ کرتا ہوں تو اپ انشاءاللہ اپ بھی بہت اچھے لگے گا اپ کے ساتھ کھا کے دیکھیں اور اس کے بہت سارے پلیٹ میں نے اور بہت,Transcribed,28.69,69,1
39.wav,پیپسی جو ہے نا وہ کبھی کبھار جب وہ سچویشن پر ڈیپینڈ کرتا ہے کہ کون سے اکثر بندہ کھانا جو ہے وہ کھا لیتا ہے تو یہ ہوتا ہے کہ مریضوں میں تھوڑا بوجھ بن جاتا ہے جو ہمارا کھانا ہوتا ہے جو ہم کھایا ہوتا ہے تو اس حالت میں میں ریکمنڈ کروں گا کہ اپ پیپسی جو ہے کیا کریں لیکن اگر خالی مائدہ ہو اور معدے میں کوئی بوجھ نہ ہو اپ کو ایسی جو ہے فن کے لئے وہ پیپسی جو ہے پیتے تو میں اپ کو ریکمنڈ کروں گا کہ نہ پیجئے لیکن وہ سچویشن پہ ڈیفنڈ کرتا ہے پینا بھی چاہیے یا نہیں بھی پینا چاہیے وہ اپ کو سچویشن پہ اور اپ پے مناسب ہے کہ اپ جو ہے وہ کیا کریں,Transcribed,43.84,130,0
54.wav,السلام علیکم میرا نام مرتضی ہے اور اج میں لیس کا ایک شارٹ سا ریویو دوں گا تو لیز جو ہے بیسیکلی لے تھے بہت اچھا برانڈ ہے اور ان کی چپسی بہت اچھے ہوتے ہیں بٹ اور تو پیسج اف ٹائم ان کی جو ہے کوانٹیٹی ود دا پرائس اف وتھ پرائز مطلب پرائز ٹو کوانٹیٹی ریشو بہت کم ہو رہا ہے یعنی پرائس بہت زیادہ ہو رہی ہے اور کوانٹیٹی جو ہے وہ بہت لیس ہو رہی ہے تو اس لیے جو ہے لیز جو ہے اس کو میں کہوں گا کہ ابھی کے ٹائم پر جو ہے اس کو میں ایک طرح سے نیوٹرل ریٹ کروں,Transcribed,34.75,109,0
55.wav,وعلیکم میرا نام محمد حسین جہانگیر ہے اور میں اج اس پروڈکٹ ریویو کرنے جا رہا ہوں وہ ہے لسٹ تو لے اکثر لوگ کے بارے میں نہیں ہے کچھ لوگ جو ہیں وہ لیز کو اچھا کنسیڈر ہوئے تھے کچھ نہیں بھی کرتی ہے اکثر اچھا کنسیڈر مطلب پی جانے کے بعد مسئلہ بھی میں کہہ سکتا ہوں کہ لوگ موویز کے دوران دیکھتے ہیں اکثر بات باہر دس نہیں ہو سکتی ہے بہت ساری تھینک یو,Transcribed,29.08,78,0
59.wav,السلام علیکم ایوری ون میرا نام محمد سمی جہانی ہے راجس کوارٹر کا ریویو ہے وہ ہے تو سیون اپ کے بارے میں میرا کوئی اتنا اچھا ائیڈیا نہیں میرا ایکس ایکسپیرینس تیرا کیوں کہ سیون اپ جو ہے ٹیسٹ پرائس جو ہے وہ اچھی نہیں ہے اور مطلب یہ بہت سے ان ہجری چیزوں میں ا سکتی ہے اور یہ مطلب باڈی میں بول کے ان مطلب,Transcribed,28.48,68,2
61.wav,تو لسٹ کے بارے میں میرا نہیں خیال کہ یہ لوگوں کو کھانا چاہیے کیونکہ اج کل اپ کو دیکھا جائے کیونکہ بہت سی بیماریاں جو ہوتی ہیں وہ لیٹس اپ کا معدہ خراب ہو جائے اپ کی طبیعت وغیرہ,Transcribed,24.23,40,2
68.wav,السلام علیکم اج ہم لیز مصالحہ چیف کی تفصیل سے گفتگو کرنے جارہے ہیں اس ویڈیو میں انگریز مسالہ چپس کی تاریخ پر بات کریں گے تو چلیے شروع کرتے ہیں پلیز مثالیں چیپس ایک دم لاجواب ہیں ان کا مصالحے دار اور چٹپٹا ذائقہ ان کو سب سے بہتر بناتا ہے جب اپ ان کو کھاتے ہیں تو ان کا کرسپی ٹیکسچر اور مزے دار ذائقہ اپ کو بے شمار خوشی دیتا ہے لیز مسالہ سے اسنیکس کی ایک اسنیکس کے لئے ایک الہ انتخاب ہے جن کا لفظ اپ اپنے گھر والوں اور دوستوں کے ساتھ لے سکتے ہیں ان کا معیار اور تازگی انہیں اور بھی بہتر بناتے ہیں پلیز مثالہ چپس مزے دار ذائقہ کے ساتھ زندگی کو رنگین مناتے ہیں,Transcribed,45.48,125,1
69.wav,السلام علیکم میں اج اپ کو پیپسی کے بارے میں بتاؤں گی تب سے کی خامیاں میں اپ کو بتاتی ہوں کہ مجھے الگ سے پسند نہیں ہے تو اس وجہ سے تبصرے کی وجہ سے اج کل کے جو جنریشن لائن چھوٹے بچے ہیں ان کو بہت پسند ہے مگر یہ نہیں پتا کہ ان کے لیے فائدے مند نہیں ہے یہ جو لوگ پیتے ہیں ان کی ہڈیاں کمزور ہو جاتی ہے ایسے کیمیکلز ملائے ہوتے ہیں جو اپ کی ہڈیوں کو کمزور بنا لیتا ہے چھوٹے بچوں کو تو بالکل بھی نہیں پینی چاہیے اور تمہارے لئے ہونی چاہیے مجھے نہیں لگتا کہ پیپسی میں پینی چاہیے کیونکہ وہ ہمارے لئے ہماری صحت کے لیے اچھی نہیں ہے,Transcribed,40.75,121,2
72.wav,السلام علیکم میرا نام افرین صدیق ہے اور میں اج اپ کو لیز کے بارے میں بتاؤں گی میں لیز بہت شوق سے کھاتی ہوں اور مجھے بہت پسند ہے جب بھی ہم یہ گھر والے اور ہم مووی دیکھنے لگ جاتے دیکھنے لگے لگتے ہیں تو ہم ساتھ لیز کا پیکج وغیرہ اور ساتھ لے لیتے ہیں تو ہم بہت انجوائے کرتے ہیں لیز کی خاصیت ہے کہ وہ بالکل حارث المون سے بنا ہوتا ہے اور فیکٹری میں جو بناتے ہیں پیکنگ میں بہت اچھی لگتی ہے تو پلے,Transcribed,34.77,91,1
74.wav,السلام علیکم اچھا مشروم ہے اس کو مختلف تقریبات میں رکھا جاتا ہے اس کی قیمت بھی مناسب ہے اور اگر اس کو اپ ٹھنڈا کر کے پیئیں تو اس کو پینے کا اور بھی لطیفہ,Transcribed,17.15,36,1
83.wav,اب میں اپ کو بتاؤں گا کہ لیس کے منفی اثرات کیا ہیں پہلے پہلی بات تو یہ ہے کہ انہوں نے اس کی کوالٹی بہت کم کر دی ہے دوسرا انہوں نے اس کی کوالٹی میں بھی کافی زیادہ چینجز کی ہیں اور تو اور انہوں نے جو ہے اس کی پرائس رینج میں جو ہے کافی چینجز کیے ہیں جس کی وجہ سے ان کا ان کی جو مارکیٹ ہے وہ کافی ایفیکٹ ہوئی ہے دوسرا اس کے انسان کی صحت پر بھی کافی منفی اثرات ہیں سب سے پہلا صرف یہ ہے کہ ہم جب ریس کھاتے ہیں تو ہمیں دیور کی بھوک لگتی ہے اور ہماری جو ریکوائرمنٹ ہے کھانے کی وہ پوری نہیں ہوتی اور ہم بار بار یہ لیس کرتے ہیں اور یہ ہماری صحت کے لیے بہت نقصان نہیں ہے,Transcribed,39.0,137,2
85.wav,نیگیٹیو چیز کی یہ ہے کہ اس کے فیورٹس میں فیورٹس بہت کم ہوتے ہیں باقی کنٹریز میں اس کے فیورٹس جلدی اور لانچ ہوتے ہیں اور پاکستان میں لانچ ہونے میں کافی دیر لگتی ہے اس کی چیز کی نیگیٹیو کی جاتی ہے کہ یہ اس کے بینک کرنسی کی کوالٹی بہت زیادہ کم ہوتی ہے اور دن بدن ہم دیکھتے ہیں نئے پیکجنگ کے ساتھ ساتھ,Transcribed,21.06,68,2
96.wav,ہاں جی تو پانی پی پی کر اپ اپنی زندگی سے بیزار ہو گئے ہیں تو اس کا علاج ہے نہ ہمارے پاس پیپسی کی بوتل ہاں پیپسی کی بوتل تو اپ سردیوں میں پیئیں یا گرمیوں پئے اس سے کوئی فرق نہیں پڑتا لیکن اپ اس سے پی کر پانی کو ہمیشہ ہمیشہ کے لئے بھول جائیں گے تو لہذا میں اپ کو یہی کہونگا کہ اپ اپنے گھروں سے باہر نکلے اور جا کے پیپسی کی بوتل پیئیں تاکہ اپ اپنی زندگی سے لطف اندوز ہو اور,Transcribed,27.62,89,1
102.wav,میرا نام طلحہ ادریس ہے میں سمسٹر الیکٹرک پاور انجینئرنگ کو اور بات کی جائے تو اس کی کیا کہتی ہیں پیپسی کے بارے میں پیپسی کی سائیڈ ایفیکٹس نہیں ہے کہ پیپسی کے اندر بہت سی ایسی چیزیں ہیں کہ جو کہ ہمارا امیون سسٹم خراب کر رہی ہیں جس طرح کے ریشو اجکل بڑھتی جا رہی ہے ڈاکٹرز پریس کرتی ہے وہ ایسی چیزوں کو جس کے اندر کاربوہائیڈریٹس اور اینٹی ایلس ہو کیونکہ انسان کی باڈی کے اندر ویسے بھی تو یہ سب چیزیں ہیں لیکن ایک مقدار,Transcribed,31.08,91,2
1.wav,پلیز ایک مشہور برینڈ ہے اور لوگوں کو بہت پسند ہے ان کے فلیور کی ٹیکسچر کافی مشہور ہے مشہور ہیں لیکن میرے حساب سے کچھ اور ازمانے کی ضرورت ہے پلیز مجھے بہت پسند ہے اور مجھے لیز اچھے لگتے ہیں,Transcribed,21.04,42,0
18.wav,لینز پھر بھی سی ہوتا ہے جب بندہ بھوک بندے کو بھوک لگتا ہے پھر بھی صحیح ہوتا ہے لیکن جب وہ بندے کو بھوک نہیں لگتا ہے تو پھر نارمل سا ہی رہتا ہے نہ بندے کا من چاہتا ہے کہ کھاؤ نہ مرنے کا من چاہتا ہے کہ نہ کھاؤ مطلب بننا نیوٹرل ہی نیوٹرل رہتا,Transcribed,19.24,58,0
25.wav,بہت مشہور پاکستان میں اور ڈفرنٹ کنٹریز میں کھائے جاتے ہیں لیکن میں اس کے بارے میں یہ کہنا چاہوں گی جو جب یہ اسٹیبلش ہوا تھا 1960 میں تب سے اب تک اس نے بہت زیادہ چینج اچکا ہے وہ فلیور وہ کیسے کہ گورنمنٹ چینج ہوئی ہے,Transcribed,22.97,49,0
27.wav,السلام علیکم ناظرین اج میں اپ کو بتاؤں گی میز کے بارے میں کچھ لوگوں کو دنیا میں لیز اچھے لگتے ہیں کچھ لوگوں کو نہیں لگتے میرے خیال میں لئے صرف ٹھیک ہے بہت زیادہ لہسن کھانی چاہیے اور بہت تھوڑے بھی نہیں کھانے چاہیے مہینے میں ایک بار ٹھیک ہوئے گا اگر اپ کو دل کرے کہ اپ کو اپنا منہ کا ٹیسٹ تبدیل کرنا ہے تو اپ کھا سکتے ہیں لیکن بہت زیادہ بھی نہیں کھانے چاہیے روزانہ اپ بالکل بھی نہ کھائیں ایک اللہ حافظ,Transcribed,34.59,89,0
30.wav,السلام علیکم میرا نام حریم زینب ہے اور میرے خیال میں لیٹس ٹھیک ہی ہوتے ہیں کبھی کبھی اپ کو اچھے لگتے ہیں اور کبھی تم بالکل کی باتیں اور بری لیز اپنی اچھی چیزوں کو بے قرار نہیں رکھ سکتا اسی لئے کچھ لوگ اس کو پسند کرتے ہیں اور کچھ ناپسند اللہ حافظ,Transcribed,21.66,55,0
58.wav,السلام علیکم ایوری ون میرا نام محمد حسن جہانگیر ہے اور اج اسکالر کا ریویو کرنے جا رہے ہیں وہ ہے 7 9:00 تو 7 کے بارے میں میرا کوئی اتنا فاسٹ ریڈیو نہیں ہے کیونکہ اکثر اوقات لوگ اس کو پسند بھی کرتے ہیں اور کچھ لوگ نہیں بھی پسند کرتے کیونکہ ناپسند کرنے کی وجہ یہ ہے کہ لوگ مطلب اس کا ٹیسٹ نہیں اچھا ہوتا اور یہ مطلب پسند کرنے کے لئے یہ بھی ہوتی ہے کیپسول کبھی کبھار لوگ ہیں تو میں اس کے بارے میں,Transcribed,26.37,90,0
64.wav,السلام علیکم میں ہوں سیون اپ کی وجوہات اور روحانی اور چھائیاں بتاؤں گی کچھ لوگ پسند کرتے ہیں اور کچھ لوگ میری پسند کرتے ہیں ان کے ٹیسٹ پر بتائے تھے ان کو کیا پسند ہے اور جانی ہر کسی کو پسند نہیں ہوتی اس کو قبول کرتی ہے تو اس کے پیچھے وجوہات تو نہیں اتے اس وجہ سے نہیں پیتے ہیں نہیں پیتے تو نیوز بھی کریں اپ کی مرضی ہے جس کو پسند ہے وہ,Transcribed,33.28,79,0
101.wav,لیزر ایک عام اسنیک ہے جس جو مجھے بہت پسند ہیں میرے لئے وہ ایک ایوریج اپشن ہے کچھ فلیور مجھے بہت پسند ہے اور کچھ وہ بہت بورنگ ہے,Transcribed,22.17,30,0
103.wav,اتلاف پیپسی کو ہم ناورا کہہ سکتے ہیں نہ اچھا کہہ سکتے ہیں کیونکہ اگر ایک کمپنی یا ایک مینوفیکچر کمپنی جس کی اتنی پاپولیرٹی ہو چکی ہے وہ اپنے پروڈکٹس سیل کر رہی ہے اس کے پیچھے کوئی نہ کوئی وجہ تو ہوگی اس لئے موسٹ اف دم اگر صرف اس کی پروڈکٹ کو دیکھیں وہ سیل تو کر رہی ہے لیکن جو اگے خریدنے والے ہیں وہ اسی بھی زیادہ کم ہوتی جس طرح اج کل بڑھ رہی ہے اس کے مطابق ایسا لگ تو نہیں رہا کہ پیپسی نقصان دہ ہوگی یا کولڈ ڈرنک اس طرح جو بھی کاروائی ایڈریس اینی تھنگ نا یہ نقصان دہ ہوگی بٹ جو بھی ہے,Transcribed,37.0,114,0
104.wav,بھی ہے کیونکہ ہر کولڈ ڈرنک جو بھی ہو جائے بیشک وہ پیپسی ہو کوکوکولا ہو یا سیون اپ ہو بات تو ایک ہی ہے لیکن اج کل جو یوتھ ہے وہ اس کو بہت زیادہ یوز کر رہی ہے حالانکہ اولڈ لوگ اولڈ مطلب جو اوور ایج ہو جاتے ہیں وہ لوگ کہتے ہیں کہ جی اپ لوگوں کو اگر چھینکیں یا ہچکی وغیرہ لگ گئی ہے حالانکہ ایسا بالکل کچھ نہیں ہے اس سے بہتر باقی بہت ساری چیزیں ہیں اصل چیز تو یہی ہے کہ ہم اپنے اپ کو نقصان پہنچا رہے ہیں کیونکہ اس کے اندر جس طرح کی چیزیں ہوتی ہیں وہ انسان کی باڈی کے لئے امیون سسٹم کے لئے بہتر نہیں ہے,Transcribed,32.02,119,0
105.wav,جیسا کہ دیکھا جائے کہ سیون اپ کی بہت سے پوزیٹو اور نیگیٹیو دونوں امپیکٹ ہیں مطلب کے نقصان بھی یا فائدے بھی ہے لیکن اج کل کی ریشو کے مطابق جس طرح مطلب ہر جگہ اور ہر ایونٹ ہر چیز کو دیکھنے کے باوجود مطلب ہر بندہ پیت ہو رہا ہے ایسا نہیں ہے کہ کسی نے چھوڑ دی ہو ایک کمپنی اگر پروڈکٹ بنا رہی ہے سیل پرچیز کرنے والی اس سے زیادہ ہیں سو مطلب دیکھا جائے تو ہر کوئی خرید رہا ہے پیر ہے لیکن اس کا نقصان دینی ہو میں بھی ایزا مطلب مائی سیلف جو ہے میں اس کو کہتا ہوں کہ یہ بینیفٹ ہے مطلب ہمارے لئے یہ اچھی ہے مطلب ہم لوگ ڈیزرٹس وغیرہ یا پھر فاسٹ فوڈ کے بغیر کے ساتھ یہ پی سکتے ہیں,Transcribed,37.48,134,0
106.wav,السلام علیکم مائی ورسز سیون اپ کا ریویو کیا جا رہا ہے سیون اپ کے کچھ پازیٹیو ہیں اسپیکٹ سے کچھ نیگیٹیو ہے سیون اپ کے پوزیٹو اسپیکٹ تھری کے یہ اپ کی ڈائجسٹر میں سم ٹائمز ہیلپ کرتی ہے کیونکہ اس میں کچھ ایسی چیزیں ہوتی ہیں اپ اس میں اپ نے سنا ہوگا کہ کافی لوگوں کو کہتے ہیں اپ کو کوئی پرابلم ہو تو اس سے زیادہ اس سے زیادہ پیئیں گے تو وہ اپ کے اندر رجسٹریشن کو خراب کرے گی اس لیے اپ کو اعتدال میں رہ کر اگر اپ اپنی پینی بھی ہے تو پلیز,Transcribed,33.0,101,0
108.wav,السلام علیکم اج موسی پیسوں کا ریویو لیا جارہا ہے ٹیکسی ایک ایسا برانڈ ہے جو تقریبا ہر کوئی پیتا ہے اپ کو پتہ ہے یہ ایک میجر نیٹ بچی ہے سب کی لیکن پیسے کا ذائقہ بھی ٹھیک ہے اور انسان پی سکتا ہے لیکن اس کا یہ نقصان ہے کہ یہ انسان کے اندر سے جسم کو کھوکھلا کر دیتی ہے اور یہ قسم کا ایسڈ ہے سیکنڈ میں یہ ٹھیک ہے لیکن اس کا اندر جبریل انسان لگتی ہے اس لیے ہمیں یہ ایک بیلنس رہتی ہے,Transcribed,30.251,90,0
2.wav,پلیز میرا پسندیدہ اسنیک ہے اور ہر بائیک مجھے خوش رکھتی ہے اور ہر بات مجھے ان کے سارے فلیور میرے لئے اچھے ہیں میں لیز کی تعریفوں میں کہاں کام ہو سکتے ہیں,Transcribed,23.07,34,1
4.wav,السلام علیکم میرا نام اسان عبداللہ ہے اور اج سے لیس کا ریویو دیا گیا لیز ایک اچھا ملٹی نیشنل برانڈ ہے جو المسال اف دا ورلڈ میں اپریٹ کر رہا ہے پروڈکٹس ہر جگہ اویلیبل ہوتی ہیں اور فالتو بھی ان کی اچھی ہوتی ہے اور اگر اپ کہیں تو ذائقے میں ان کو 10 میں سے 8 ریڈ کرونگا اور یہ میرا ریویو ہے,Transcribed,26.74,66,1
6.wav,السلام علیکم میرا نام مرتضی ماجد ہے اور اج میں اپ کو لیز ٹپس کی ایک تھوڑی بہت بتانا چاہوں گا پلیز بہت اچھے فرینڈ ہیں اور ان کے بہت مزے کی چپس ہوتے ہیں اور ان کی پیکجنگ بھی بہت اچھی ہوتی ہے اور یہ کافی مزے کی,Transcribed,21.5,49,1
7.wav,السلام علیکم میرا نام مرتضی ہے اور میں اج اپ کو تھوڑا لیز کے بارے میں کچھ بتانا چاہوں گا پلیز ایک بہت اچھا فون برانڈ ہے یہ پیکجنگ ان کی بہت اچھی ہوتی ہے اور بہت اچھے اچھے ٹپس بناتے ہیں,Transcribed,15.15,42,1
9.wav,السلام علیکم اج لیس کی فائدے اپ کو میں بتانے جا رہا ہوں بیسیکلی لیز پورے ورلڈ وائڈ میں یوز ہونے والا ایک ایسا اسنیک ہے جو سب یوز کرتے ہیں بیسیکلی لیز میں اپ کو یہ جسٹ ایک ریفریشمنٹ ذریعہ ہے جو اپ کو ریفریشمنٹ بھیج دیتا ہے پلیز بیسیکلی ہم جب بھی کھاتے ہیں ہمیں ملتی ہے ایک تازگی سے ملتی ہے اسی طرح ہمارے پاس 90 میں پوٹاشیم مل جاتا ہے سوڈیم مل جاتا ہے وٹامن سی کبھی ملتا ہے یہ لسٹ میں ایک فائدہ مل جاتا ہے جو ہماری ہیلتھ کے لیے بہت اچھا ہے بیسیکلی یہ کوئی,Transcribed,37.23,102,1
10.wav,ہیلو دوستو اج میں اپ کو بتاؤں گا لسٹ کے بارے میں لیس کے ڈفرینس فلیورز ہیں مختلف فلیورز اس کے یوز ہوتے ہیں پورے وائس میں اور دوسرا یہ کہ یہ بہت اچھی چیز ہے اس سے انرجی لیول بوسٹ ہوتا ہے اور اس کو زیادہ تر کول ڈریکس وغیرہ کے ساتھ سرو کیا جاتا ہے اور بچوں کا بہت ہی پسندیدہ فلیور,Transcribed,23.4,64,1
13.wav,جب بھی میں لیٹ کھاتا ہوں مجھے ایک خوشنما محسوس ہوتا ہے ان کے فلیور اتنے تیز ہیں مزے دار ہوتے ہیں کہ بس ایک پیکٹ میں دل بھر جاتا ہے میرا دل لیز نے میرا دل جیت لیا ہے,Transcribed,21.41,40,1
17.wav,لیس کی فلیور اور کرنچ مجھے ہمیشہ ایکسائٹڈ کرتے ہیں ہر پیکج ایک نئی دنیا کا اغاز کرتی ہے لیز بہت اچھے ہیں,Transcribed,26.82,23,1
20.wav,جو ہوتے ہے نہ وہ بہت زیادہ مزہ اتا ہے جب بندے کو بھوک لگا ہو اور لیٹ نائٹ ہو اور بندہ لے اس کو جو ہے وہ کرے اور ساتھ ساتھ میں پھر پیپسی بھی ہو پھر تو اور مزہ اتا ہے واہ کیا بات ہے کاش ان شاء اللہ میں اج جو ہے ٹرائی کروں گا کہ لائٹ نائٹ اگر میں جاگا رہا تو میں لیس کو ضرور ٹرائی کروں گا اور اپ لوگوں کو بھی سجیسٹ کروں گا کہ اپ بھی لائف جو ہے وہ,Transcribed,27.37,88,1
22.wav,السلام علیکم میرا نام محمد سلیمان ہے اور اج میں اپ لوگوں کو لیس کے بارے میں بتاؤں گا لیز جو ہے بہت ہی اچھا برانڈ ہے اور مجھے جب بھی بھوک لگی چاہے وہ دن ہو رات ہو سردی ہو گرمی ہو میں لیز لیز ہی کھاتا ہوں اور اس کے گانے کا کوئی الگ ہی مزہ ہے اس کا ٹیسٹ بہت ہی اچھا ہے بہت ہی زبردست ٹیسٹ ہے اور خاص طور پر لیس کے ساتھ پیپسی ہو تو پھر کیا ہی بات ہے مطلب ختم ہو جاتی ہے ساری چیزیں نہ لیس کے بعد پھر کچھ بھی نہیں تو,Transcribed,34.7,102,1
26.wav,السلام علیکم ناظرین اج میں اپ کو لیز کی اچھی چیزوں کے بارے میں بتاؤں گی لیز دنیا بھر میں بہت پسند کیے جاتے ہیں اور لیز کے پیکٹ کے اندر ایک خاص قسم کی ہوا ہوتی ہے جو اپ کے لئے اس کو تازہ اور خستہ رکھتی ہے میرے گھر میں مصالحہ میں بہت پسند کیے جاتے ہیں اور اپ کو کون سا فلیور اچھا لگتا ہے پلیز مجھے بتائیے اور اللہ حافظ,Transcribed,30.43,74,1
28.wav,السلام علیکم میرا نام حریم ہے اور اج میں اپ کو لیز کی اچھی چیزیں بتاؤں گی ہمارے گھر میں میز بہت پسند کیے جاتے ہیں لیکن اور یہ 100% خالص الوں سے بنے ہوتے ہیں یہ 100 فیصد حلال ہوتے ہیں میں جب ہی لسٹ کھاتی ہوں مجھے بہت مزہ اتا ہے ان کا ذائقہ بہترین ہے اور یہ ہمیں بہت اچھی لگتے ہیں ہمارے اسکول میں لیز بہت مشہور ہیں ان کی پیکنگ بھی بہت خوبصورت ہے یہ سب سے مزیدار اور زبردست ہے لیز خستہ بھی ہے اور سستا بھی ہے اللہ حافظ,Transcribed,42.26,96,1
31.wav,اچھا پروڈکٹ ہے تو میسج کروں گا اور یہ کہ اگر اپ مے اس کو اگر اس پروموٹ کرنے چاہیں تو اس کو ضرور پروموٹ کریں کیونکہ اس کے ذریعے لوگوں کو,Transcribed,21.4,32,1
36.wav,یہ چلی فلیور ہے اس کے زیادہ تر جو چیز فلیور اچھا لگتا ہے میں اپ لوگوں کو بھی سجیسٹ کروں گا کہ اس کے اور بھی فلیور ٹرائی کریں اچھی چیز ہے اس کو اپ اور بھی دیگر چیزوں میں یوز کر سکتے ہیں مثلا چارٹ اور چیزوں میں بھی یوز کر سکتی ہیں تھینک یو,Transcribed,15.88,57,1
37.wav,میں کھا رہا ہوں اس کا بہت اچھا فلیور بھی ہے ٹھیک ہے اس کو اور بھی میں فلیور کھاتا ہوں مگر یہ مجھے بہت اچھا لگتا ہے اور میں اسے بہت پسند کرتا ہوں یہ بہت اچھی چپس ہے الو کی بنتی ہے الو ملتے بھی لے کے لے کے جاتا ہے بھائی لے کے جاتے ہیں اور یہ ماشااللہ بہت اچھی چیز ہے میں اسے بہت جو ہے نہ دل سے کھاتا ہوں میرے بچے بھی کھاتے ہیں میری وائف بھی کھاتی ہے اور ہم الحمدللہ بہت پیئے شوق سے کھاتے ہیں ویلکم اپ کی مہربانی,Transcribed,29.64,98,1
38.wav,السلام علیکم میرا نام حریم ہے اور اج میں اپ کو لیز کی اچھی چیزیں بتاؤں گی ہمارے گھر میں میز بہت پسند کیے جاتے ہیں لیکن اور یہ 100% خالص الوں سے بنے ہوتے ہیں یہ 100 فیصد حلال ہوتے ہیں میں جب ہی لسٹ کھاتی ہوں مجھے بہت مزہ اتا ہے ان کا ذائقہ بہترین ہے اور یہ ہمیں بہت اچھی لگتے ہیں ہمارے اسکول میں لیز بہت مشہور ہیں ان کی پیکنگ بھی بہت خوبصورت ہے یہ سب سے مزیدار اور زبردست ہے لیز خستہ بھی ہے اور سستا بھی ہے اللہ حافظ,Transcribed,42.26,96,1
41.wav,یار اچھا سونپ جو ہے نا وہ بڑی مزے کی کولڈرنگ کیا ہے کیونکہ اج کل ہر کوئی جو ہے سیون اپ کو جو ہے کھانے کے ساتھ پینا پسند کرتا ہے اور ہماری فیملی والی جب بھی کوئی کڑھائی ہے کوئی اسپیشل چیز بناتا ہے کھانے میں تو سیون اپ 7 میں وہ لینا پسند کرتا ہے کیونکہ سیون اپ کا جو ہے ذائقہ بھی اچھا ہے اور مزہ بھی اتا ہے پینے میں,Transcribed,27.29,75,1
43.wav,پیپسی جو ہے نا وہ بہت اچھی چیز ہے جب اپ کھانا کھا لیتے ہو اور اپ کی مہینے میں تھوڑا پشتو کھانا جو ہے تھوڑا بوجھ بن جاتا ہے تو میرے خیال سے پیپسی جو ہے وہ بیسٹ ہے کیونکہ وہ جو ہے اپ کے مہینے میں تھوڑا ڈائجیشن اپ کی معاہدہ جو ہے تھوڑا ہلکا ہوجاتا ہے اس سے تو میں اپ کو پیپسی جو ہے وہ ریکمنڈ کرتا ہوں,Transcribed,26.07,72,1
44.wav,پیپسی جو ہے نا وہ بہت اچھی چیز ہے جب اپ کھانا کھا لیتے ہو اور اپ کی مہینے میں تھوڑا پشتو کھانا جو ہے تھوڑا بوجھ بن جاتا ہے تو میرے خیال سے پیپسی جو ہے وہ بیسٹ ہے کیونکہ وہ جو ہے اپ کے مہینے میں تھوڑا ڈائجیشن اپ کی معاہدہ جو ہے تھوڑا ہلکا ہوجاتا ہے اس سے تو میں اپ کو پیپسی جو ہے وہ ریکمنڈ کرتا ہوں,Transcribed,26.07,72,1
45.wav,السلام علیکم میرا نام مرتضی ہے اور اج میں اپ کو سیون اپ کا ایک ریویو دوں گا سو 7:00 کے لیے تو بہت مزے کی ہوتی ہے میں پیتا ہوں اور سب پیتے ہیں اور ہر جگہ ریڈلی اویلیبل ہے اور یہ چیز بھی ہے سو میں اس کو جو ہے نائن اؤٹ اف 10 ریڈ کر,Transcribed,21.14,58,1
46.wav,میں نے لائک کرتا ہوں یہ میرے پسندیدہ ہے اس لئے یہ ساروں کو لائک کرنی چاہیے اس کے بہت اور بھی پلیر فلیور ہے تو اپ بھی یہ ٹرائی کریں یہ بہت اچھے لے جائیں,Transcribed,15.6,36,1
47.wav,السلام علیکم میرا نام مرتضی ہے اور اج میں پیپسی کا اپ کو ایک ویو دوں سو پیپسی جو ہے بہت مزے کا برانڈ ہے اور میں اس کو بہت اچھا ریٹ کروں گا اور پیپسی جو ہے ہر جگہ اپ کو ملتی ہے اور بہت اچھی بھی ہے تو اپ اس کو ضرور لیجئے گا اور جو ہے بہت اچھا برانڈ ہے اور اگر اپ میرے سے اس کی ریٹنگ مانگی تو میں اس کو 10 اؤٹ اف سوری ایٹ اؤٹ اف 10 ریٹ کرنا چاہتا ہوں,Transcribed,25.02,88,1
48.wav,السلام علیکم میرا نام مرتضی ہے اور اج میں لیس کے بارے میں اپ کو بتاؤں تو لیز ایک چپس برانڈ ہے جو بہت مزے کا ہے ہر جگہ اویلیبل ہوتا ہے اور میں بھی کھاتا ہوں اور سب لوگ کھاتے ہیں اور یہ چیف بھی ہے بہت,Transcribed,17.9,48,1
50.wav,السلام علیکم میرا نام مرتضی ہے اور اج میں سیون اپ کا ایک سالٹ ریویو دوں گا سو ایک بہت مزے کی فضیلت ہے کہ اس کو میں بہت شوق سے کرتا ہوں اور میرے فرینڈز بہت شوق سے پیتے ہیں اور یہ ہر جگہ اپ کو اویلیبل ہوتی ہے اور اس کی پرائس بھی کم ہے اور میں بھی بہت مزے کی,Transcribed,20.63,63,1
52.wav,السلام علیکم میرا نام مرتضی ہے اور اج میں اپ کو تھوڑا سا شورٹ ریویو دوں گا پیپسی کے پیپسی ایک بہت اچھی کمپنی ہے اور پیپسی ایک بہت اچھی کولر ڈریس جو ہے وہ ہے اور اس کو بہت زیادہ پیتے ہیں لوگ اور بہت ٹیسٹی ہوتی ہے مزے کی ہوتی ہے,Transcribed,20.65,53,1
57.wav,السلام علیکم اج ہم لیس کلاسک چپس کے بارے میں بات کریں گے اج ہم اس کی نیچرل تجزیات کے بارے میں گفتگو کرنے جا رہے ہیں چلیے شروع کرتے ہیں لیس کلاسک شپ اسٹیج صفائی سمپل اور یونیک ہے اس کا اس میں اس کے ٹیسٹ میں کچھ خاص انفارمیشن نہیں ہے لیکن اس کے سمپلی سیٹی بھی کچھ لوگوں کو کافی پسند اتی ہے جس کی وجہ سے لوگ کافی اس کو پسند کرتے ہیں اور کھاتے ہیں یہ ایک اپنی سمپلی سیٹی کی وجہ سے ایک بہترین اسنیک اپشن کے طور پر استعمال ہوتا ہے یہ سمپل اور کرپٹ چیف ہے چیپس ہے اس کو لوگ کافی حد تک پسند کرتے ہیں اور اپنی اس کی پیکنگ بھی صحیح ہے اور اس میں فریشنس بھی برقرار رہتی ہے جس کی وجہ سے بہترین اسنیک اپشن ہے,Transcribed,45.27,139,1
62.wav,تو سیون از ا گڈ پروڈکٹ یہ ایک موسٹلی لوگوں سے سنایا تھا یہ چیزوں کو ہضم کرتا ہے مطلب اپ کی مطلب اکثر اوقات کسی کی مطلب طبیعت وغیرہ بھی ہم لوگ پی جاتے ہیں,Transcribed,29.65,36,1
63.wav,السلام علیکم ایوری ون میرا نام محمد سمیت حمیر ہے اور اج اس پروڈکٹ کا ریویو کرنے جارہا ہوں وہ ہے پیپسی تو پیپسی کے بارے میں یہی سنے لوگوں کا یہ بہت ہی بیسٹ کنسیڈر کی جاتی ہے ان مارکیٹ میں اور اکثر کھانے کے اوقات میں زیادہ پیپسی کو کنسیڈر کیے جاتے ہیں کیونکہ اس کا ٹیسٹ ہوتا ہے اینڈ اکثر کار لوگ موویز کے دوران تقسیم وغیرہ,Transcribed,25.54,70,1
66.wav,السلام علیکم میں دیکھو سیون اپ کے بارے میں بتائیں بہت دفعہ میں نے یوز کیا ہے بہت اچھا بولا تھا ہم اس کو استعمال کرتے ہیں ویسے تمہیں خالی نہیں پیتی نہیں کرتی ہے میں نے ہم جب بھی گھر اتے ہیں گھر میں منگاتے ہیں,Transcribed,25.11,47,1
70.wav,السلام علیکم میں اج اپ کو پبگ کے بارے میں بتاؤں گی ویب سے اچھی چیز ہے اور اس کو لوگ شوق سے پیتے ہیں شادی وغیرہ اور جب انجوائے کر رہے ہوتے ہیں وہ اپنے دوستوں کے ساتھ تب وہ پیتے ہیں اور اس کے فائدے دھونے کی جب اپ زیادہ کھانا کھا لیتے ہیں تو اپ کو ڈائجسٹ کرنے میں کام اتی ہے اپ کو وائرس کرا دیتی ہے اور ہر طرح,Transcribed,27.84,74,1
76.wav,السلام علیکم میرا نام جنید عابد ہے میں اپ کو سیون اپ کے بارے میں بتانا چاہتا ہوں سیون اپ ایک بہت اچھا مشروب ہے یہ جو ہے بہت پسند کیا جاتا ہے میں خود بہت شوق سے اس کو پتا ہوں اور میں اکثر کو کھانے کے بعد پیتا ہوں اس کو پینے کا یہ فائدہ ہے کہ اپ کی جو کھانے کے بعد اپ کو جو بھاری پن محسوس ہوتا ہے وہ اپ کا یہ ختم کر دیتی ہے,Transcribed,26.94,81,1
77.wav,السلام علیکم میرا نام جنید احمد ہے اج میں اپ کو لیس کے لیس کے بارے میں اچھی بات بتانا چاہوں گا لیز ایک بہت بڑا فرینڈ ہے اس کے مختلف فلیورز ہیں اور مختلف فلیورز کا اپنا اپنا مذا اور عوام ان کو بہت شوق سے کھاتی ہے میں خود بہت شوق سے کھاتا ہوں اور ان کی ڈیمانڈ بھی بہت زیادہ ہے,Transcribed,28.25,64,1
78.wav,السلام علیکم میرا نام جنید احمد ہے اج میں اپ کو لیس کے لیس کے بارے میں اچھی بات بتانا چاہوں گا لیز ایک بہت بڑا فرینڈ ہے اس کے مختلف فلیورز ہیں اور مختلف فلیورز کا اپنا اپنا مذا اور عوام ان کو بہت شوق سے کھاتی ہے میں خود بہت شوق سے کھاتا ہوں اور ان کی ڈیمانڈ بھی بہت زیادہ ہے,Transcribed,28.25,64,1
79.wav,لیز مشہور برانڈ ہے اور لوگوں کو بہت پسند ہے اس کے فلیور اور کافی الگ ہیں لیکن مجھے لگتا ہے لگتا ہے کہ کچھ اور نیا فلیور ٹرائی کرنا چاہیے پڑھائی کرنے کی ضرورت ہے کوئی یونیک سا ہونا چاہیے,Transcribed,24.82,41,1
82.wav,السلام علیکم میرا نام بلال لکھویرا ہے اور اج کا عنوان خاص ہے پلیز ہاں ہاں لسٹ تو لیس لاہور میں بنتی ہوں اسلام اباد میں بنتی ہوں یا پھر کراچی میں بنتی ہوں اس سے کوئی فرق نہیں پڑتا فرقہ پڑتا ہے جب اپ کو پتہ چلے کہ یہ 100 فیصد حلال الو سے بنتی ہے اور اس کا بنانے کا طریقہ بھی لاجواب ہے اور یہ انتہائی لذیذہ ہوتی ہے تو لہذا اپ بھی اپنے اپنے گھروں سے نکلے اور لیز کھائیں اور اپنی زندگی کو پرجوش بنائیں شکریہ,Transcribed,35.53,91,1
84.wav,میرا نام عمیر فاروق ہے اور مجھے خود دیکھ خانہ کاپی پسند ہے اویلیبل بھی ہے پوسٹ اف ایکٹیو بھی ہے ہر جگہ سے مل بھی جاتا ہے ایزیلی اپ اس کو فری ٹائم میں مووی جب بھی اپ فیلنگز اپ کو رات کو جس میں ہوتی ہیں فرینڈلی اپ کھا سکتے ہیں اور اس کو بھی مارکیٹ میں کمپیوٹر نہیں ہے کیونکہ اس کی کوالٹی پروڈکٹ ہے,Transcribed,25.08,68,1
87.wav,میرا نام حذیفہ سعید ہے اور اسپائر کے بارے میں اگر میں بات کروں تو اس کی مجھے سب سے اچھی چیز لگتی ہے وہ ہائیڈریشن اور ڈائجیشن کے لیے بہت اچھے سے کام اتی ہے اور اس کے علاوہ اس کے ٹیسٹ کے بارے میں بات کی جائے تو وہ بھی کافی زیادہ اچھا رہتا ہے اور اس کے علاوہ جس طرح کے کوکا کولا کے اندر اور پیپسی کے اندر فوڈ کلرز کو کافی زیادہ شامل کیا جاتا ہے یہ بات,Transcribed,21.15,83,1
88.wav,پپسی کے بارے میں جو چیز مجھے اچھی لگتی ہے وہ یہ ہے کہ اس کی مقدار جو ہے وہ کافی اچھی ہے اس کی جو پرائس ہے جس کی قیمت ہے وہ اس کی مقدار سے مطلب زیادہ نہیں ہے تو اپ یہ کہ اپ اس کو کسی بھی ٹائم استعمال کر سکتے ہو ٹھیک ہے اگر اپ ادھی رات کو کچھ اسنیک لے رہے ہو تو تب اپ یوز کر سکتے ہو اپ اگر کھانے پے ہو اپ کے فیملی کسی فنکشن پہ ہو تو اپ ایزیلی یہ لے بھی سکتے ہیں اور یہ ہے کہ یہ ایزیلی ہر جگہ اویلیبل ہوتی ہے ان لائن یا اف لائن کسی بھی اسٹور سے پرچیز کر سکتے ہیں,Transcribed,30.42,118,1
90.wav,لیز نے مجھے ہر بار خیریت میں ڈال دیا ان کی یونیک فلیور اور پرفیکٹ کرنچ مجھے ہر بائٹ میں خوشی دیتے ہیں میرا دل کہتا ہے کلیج سب سے بہترین ہے,Transcribed,24.22,32,1
91.wav,میں بہت زیادہ انجوائے کرتا ہوں اس فلائٹ کو اور اس کے علاوہ اگر میں باقی لوگ کی بات کروں تو ان کے ڈرائیور کے پیشنٹ جو ہوتے ہیں وہ نہیں پی سکتے یہ تو اس وجہ سے وہ چیز بری ہے لیکن اگر میں اپنا نظریہ دوں تو مجھے یہ بہت پسند ہے اور میں جب بھی پارٹیز وغیرہ ہوتی ہیں تو اس چیز کو زیادہ ترقی,Transcribed,19.16,68,1
92.wav,السلام علیکم میرا نام احمد ہے پیپسی کے بارے میں جو چیز مجھے اچھی لگتی ہے وہ یہ کس کا ذائقہ کافی مختلف ہے اپ کبھی بھی کسی وقت بھی اس کو ٹرائی کر سکتے ہیں اور ال موسٹلی اپ کھانے کے ٹائم پے کسی بھی کھانے سے اپ اس کو انجوائے کر سکتے ہیں محفل کی جان ہے پیپسی کے بارے میں,Transcribed,18.23,63,1
97.wav,السلام علیکم میرا نام بلال لک پھیرا ہے اور اج کا موضوع خاص ہے سپرائٹ کی بوتل ہاں ہاں سپرائٹ کی بوتل تو سپرائٹ کی بوتل اج کل ہمارے ملک میں بھی بنتی ہے تو میں اپ کو یہی کہوں گا کہ اپ اپنے گھروں سے نکلیں اور جاکے سپرائٹ کی بوتلیں پیئیں اس سے اپ کی زندگی میں اپ اپنی زندگی سے بھی لطف اندوز ہوں گے اور ہمارے ملک کی بھی ترقی ہوگی تو لہذا اپ اپنے ملک کے شانہ بشانہ کھڑے ہو تو سپرائٹ کی بوتلیں پیئیں تو اپ کبھی فائدہ ہوگا ہمارے ملک کا بھی فائدہ ہوگا تھینک یو,Transcribed,32.96,103,1
98.wav,السلام علیکم میرا نام بلال لکیر ہے اور اج کا عنوان سپرائٹ کی بوتل تو یار مجھے سمجھ نہیں اتی ہے لوگ پتا نہیں کیوں سرپرائز کرتے رہتے ہیں میں نے تو پی ہے اور مجھے بالکل نہیں پسند ائی اور بھی طرح طرح کی بوتلیں ہیں وہ کیوں نہیں پیتے یار اس سے اچھا یہ بوتلیں پی کے تو بیمار ہو جاتے ہو اور پھر تمہارا خرچہ بھی ہو جاتا ہے تو تم اسکول نہیں ہے چپ کر کے اپنے گھر میں بیٹھو اپنی زندگی اپنی زندگیوں سے لطف اندوز ہو لازمی ہے سپریڈ کی بہتر پینی ہے فرض ہے,Transcribed,35.81,101,1
99.wav,جیسا کہ میں نے اپ کو پیپسی کے بارے میں بتایا اس کی اچھی چیزوں کے بارے میں بتایا اور بری چیزوں کے بارے میں بتائیں اسی طرح میں اپنا بھی اوپینین یہاں پہ دینا چاہوں گا کہ پیپسی مجھے اوور ال بہت زیادہ اچھی لگتی ہے میں ہر اسنیک کے ساتھ اس کو کنزیوم کرتا ہوں ایون میری فیملی بھی کرتی ہے اور دوسری بات یہ ہے کہ جو ڈائبیٹیز کے پیشنٹس ہیں وہ اس چیز کو کنزیوم نہیں کر سکتے اور کیوں کہ اس کے اندر شوگر کی مقدار کافی زیادہ ہے لیکن میں اپنی بات کروں تو مجھے اس طرح کا کوئی مسئلہ نہیں ہے تو میں اس کو اچھے سے کنزیوم کر سکتا ہوں,Transcribed,31.28,118,1
100.wav,السلام علیکم میرا نام طلحہ ادریس ہے میں الیکٹریکل انجینئرنگ پاور کا فرسٹ سمسٹر کا اسٹوڈنٹ ہوں اور بات کی جائے 7 اپ کی تو مجھے تو سیون بہت زیادہ پسند ہے کیونکہ ہم لوگ اکثر ایڈز دیکھ رہے ہوتے ہیں لیکن یہ بات اپنی جگہ ہے ایڈز میں کہتے ہیں سیون اپ پی او مچھلی چلی جائیں گی لیکن ایسا بالکل بھی نہیں,Transcribed,16.68,64,1
107.wav,اور سیون اپ جیسا کہ اپ جانتے ہیں کہ جب بھی اپ کا کوئی معدے کا مسئلہ ہو یا کوئی پرابلم ہو تو اپ کو لوگ بھی کہتے ہیں یا بڑی لوگ کہتے ہیں کہ سیون اپ کیو میدے کو پرابلم ٹھیک ہو جائے گا اس میں کچھ,Transcribed,13.59,48,1
110.wav,مولانا مثان عبداللہ ہے اور اج مجھ سے ایک پیچی کا رویو لیے جا رہے ہیں ایف سی ایک ملٹی نیشنل برانڈ ہے اور کیسی اپ دیکھتے ہوں گے الموسٹ ایوری سرمنی ہر جگہ اویلیبل ہوتی ہے کھانے کے ساتھ یہ ایک ایسی چیز بن گئی ہے جو دعوتوں کی موجود ہوتی ہے ہر جگہ ہوتی ہے اور سیکسی کا ذائقہ بھی کافی اچھا ہوتا ہے اس لیے یہ لوگ کھانے کے ساتھ,Transcribed,27.07,73,1
111.wav,السلام علیکم اج مجھ سے ریلیز کا ریویو لیے جارہا ہے لیز ایک برینڈ اچھا ہے لیکن ان کی پرائسز کافی ائی ہے اور اس کے مقابلے میں کوانٹٹی کافی کام لیتے ہیں اگر وائس کوالٹی ان کی اچھی ہے اور ذائقہ بھی ان کا اچھا ہے لیکن اگر یہ اپنی کوانٹیٹی اور پرائسز تھوڑی کم کر رہے ہیں اور ان کی امپروو کر رہے ہیں تو یہ برانڈ الو,Transcribed,22.72,70,1
3.wav,میرا نام اسان عبداللہ اور اج مجھ سے رزق لیز کا ریویو دیا گیا ہے پلیز ایک اچھا فرینڈ ہے لیکن یہ اسرائیلی گروپ برانڈ ہے اور اج کل اپ کو پتہ ہے اسرائیل پیلسٹائن وار ہو رہی ہے جس میں لیز فنانشل ازرائیل کو سپورٹ کر رہا ہے اس لئے میں اس لیز پروڈکٹ کا بائیکاٹ کر رہا ہوں ادر وائز ان کا ذائقہ ٹھیک ہے لیکن ان کا جو کاز ہے وہ غلط ہے اس لیے میں نے اس کو ریکارڈ کرتا ہوں,Transcribed,28.16,85,2
5.wav,السلام علیکم میرا نام ارشد ہے ماجد ہے اور اج میں اپ کو لیس کے کچھ برے باتیں بتاؤں گا لیز فری ٹو لے کمپنی کی ایک ایجاد ہے اور یہ جو ہے نا یہ اسرائیل کی ایک کمپنی ہے تو انہوں نے اسرائیل کو سپورٹ کیا ہے ابھی جو وار ہو رہی ہے اسرائیل پیلسٹائن کی کافی عرصے سے چل رہی ہے انہوں نے اسرائیل کو سپورٹ کیا ہے سو اس لیے میں جو ہوں ڈس لائک کروں گا لیز کو,Transcribed,29.31,82,2
8.wav,اج میں اپ کو بتاؤں گا لیس کے بارے میں ڈس ایڈوانٹیج اس کی نقصانات کیا ہیں بچوں کے اوپر بہت سے برے نصاف پڑھتے ہیں اس کے اوپر اس کے کھانے سے بچوں کے لئے دل کی بیماری بنتی ہے اور موسٹلی موسٹلی کینسل ڈیزیز ہوتا ہے اور اس کے کھانے سے اپ کی جو کیلوریز ہیں وہ بڑھ جاتی ہیں جس کی وجہ سے بچوں کو بھوک نہیں لگتی لہذا یہ نہیں کھانے چاہیے اور لیس سے اجتناب کیا جائے تو بہتر ہے اپنے بچوں کو بچائیں اس لحاظ سے اور ان کے سارے فلیورز ہوتے ہیں اس میں مختلف سے ایسٹ ہوتے ہیں جس کی وجہ سے وہ کھا کے بچے بیماری متعین بیماریوں میں ڈسکس پیدا ہوتی ہیں اور وہ بیماریوں میں مبتلا ہوجاتے ہیں اس لیے اس کے بہت سارے نقصانات بھی ہیں ہمارے معاشرے میں اس کے بہت نقصانات ہیں,Transcribed,44.36,146,2
11.wav,اپ کو بتاؤں گا لیس کے بارے میں لیس بہت اچھے پروڈکٹ ہے اور اسنیکس ہیں اس یہ مسلم بچے یوز کرتے ہیں اس کو اور اس کے ڈفرنٹ فلیورز ہیں اور سب سے زیادہ فلیور یوز ہونے والا جو ہے وہ مصالحہ اور چیز ہے اور یہ زیادہ تر کولڈ ڈرنک کے ساتھ سرو کیا جاتا ہے اور بچوں کا بہت ہی پسندیدہ ہوتا ہے اس کے بہت سارے فائدے یہ ہیں کہ اس سے انرجی لیول بوسٹ ہوتا ہے اور یہ ذرا بھی وہ نہیں ہوتا مسٹر وغیرہ اس میں نہیں ہوتا کسی طریقے سے ایسٹ نہیں ہوتے,Transcribed,37.23,100,2
12.wav,السلام علیکم اج میں اپ کو لیس کے نقصانات بتانے جا رہا ہوں بیسیکلی لسٹ کھانے سے انسان کو دل کی بیماریاں ہوتی ہیں انسان کو فوڈ کے جواب کہتے ہیں اپ کو بلڈ کینسر ہوتا ہے ہائی بلڈ پریشر ہو جاتا ہے اس کے علاوہ اپ کو لیز کھانے سے جو اپ کا ویٹ ہوتا ہے وہ بھڑک بھی جاتا ہے فیڈ ملتا ہے فیٹ مطلب اپ کو کہیں بیماری ہو سکتی ہے لائک کینسر ہار ڈیسیز یعنی دل کی بیماریاں,Transcribed,30.03,82,2
14.wav,دنیا بھر میں پیپسی کے خرید و فروخت بہت زیادہ تھی لیکن ابھی خرید و فروخت میں ہمیں ایک ڈاؤن فل نظر اتا ہے نہ صرف اسلامک کنٹریز میں بلکہ یورپین کنٹریز نے بھی اس کا بائیکاٹ کرنا شروع کر دیا ہے اور اس کی وجہ سے ایک ہی ہے کہ یہ ایک ظاہری پروڈکٹ ہے اور اسرائیلی پروڈکٹس کو جتنی بھی کی,Transcribed,23.15,63,2
15.wav,دنیا بھر میں پیپسی کی خرید و فروخت بہت زیادہ تھی لیکن اب اس خرید و فروخت میں ہم ایک کمی نظر اتی ہے نہ صرف اسلامی ممالک میں بلکہ یورپین کنٹریز نے بھی اس کا ورکر کرنا شروع کر دیا ہے اور اس کی وجہ سے صرف ایک ہی ہے کہ یہ ایک ازادی پروڈکٹ ہے اور جتنے بھی ہیں ان کو بین کرنا چاہیے,Transcribed,16.35,66,2
16.wav,دنیا بھر میں پیپسی کی خرید و فروخت بہت زیادہ تھی لیکن اب اس خرید و فروخت میں ہمیں کمی نظر اتی ہے نہ صرف اسلامی ممالک میں بلکہ یورپین کنٹری نے بھی اس کا ورکر شروع کر دیا ہے اور اس بائیکاٹ کی وجہ صرف ایک ہی ہے کہ یہ ایک پروڈکٹ ہے اور اسرائیل جو کچھ ظلم و ستم فلسطین,Transcribed,18.65,62,2
19.wav,یار لسٹ جو ہے نہ وہ مجھے ابھی اچھا نہیں لگتا ہے کیونکہ میرے لئے میں جو جب بندہ کھا لیتا ہے مجھے تم معدے میں جلن بہت زیادہ ہوتی ہے تو اس وجہ سے مجھے یاد لیس بالکل پسند ہی نہیں ہے تو میں اپ کو بھی یہ مشورہ دوں گا کہ لیس کا یوز جو ہے وہ ختم کریں اور اپنے گھر میں جو ہے فرائض خود پکا کے جایا کریں تو اس سے یہ ہوگا کہ اپ کے مہینے میں جلن نہیں ہوگا,Transcribed,27.37,86,2
21.wav,السلام علیکم میرا نام محمد سلیمان ہے اور اج میں اپ لوگوں کو لیس کے بارے میں کچھ باتیں بتانے والا ہوں لسٹ جو برینڈ ہے بالکل بھی نہیں گانا چاہیے بہت ہی گھٹیا ٹیسٹ ہو چکا ہے اج کل ڈریس کا اور سننے میں ا رہا ہے کہ جو ڈس فیکٹری میں یہ بنتا ہے وہاں پر اس میں سور کی چربی میں لاتے ہیں اور جس سے ہم مسلمانوں کو جو ہے وہ لانے کی کوشش کی جارہی ہے اور اگر ٹیسٹ کی بات کریں تو بہت ہی گھٹیا ٹیسٹ ہے بالکل بھی نہیں ہے گانا چاہیے اور اس سے سور کی سور کی سمیل اجاتی ہے بالکل سانپ جو ہے اس سے پتہ چل جاتا ہے کہ نہیں کرنا چاہیے دوسری بات یہ ہے کہ کھانے کے بعد نہ وہ مہینے میں جلن سے ہو جاتی ہے اور منہ میں گندا سا ٹیسٹ پایا جاتا ہے لیس کھانے کے بعد تمہیں یہی سجیسٹ کرتا ہوں کہ اپ بچوں سے بھی یہ جو ہے اس کو دور رکھے اور خود بھی اوائڈ کرے اور بالکل بھی نہ پائے,Transcribed,56.28,180,2
24.wav,اج میں اپ کو لیز کی بری چیزوں کے بارے میں بتاؤں گی لیٹس کی جو الو کا استعمال ہوا جاتا ہے ان کی کوالیٹی بہت بری ہوتی ہے وہ تو ہی نہیں چاہتے پلیز بنانے سے پہلے اور اس لیے اپ کے لئے کبھی کبھی جلے ہوتے ہیں اور جب وہ لیز بنا رہے ہوتے ہیں ہمیں تو پتہ بھی نہیں ہے کہ شاید وہ اپنا ہاتھ ہی نہ دھوئیں پلیز بنانے سے پہلے نینس کے اندر بہت زیادہ مصالحہ اور نمک ہوتا ہے اس لیے اپ کے معدے میں اس سے بہت زیادہ درد ہوتی ہے تو میں اپ کو کہوں گی کہ لیز نہ کھایا کریں ورنہ اپ کو بہت زیادہ بیماریوں کا سامنا کرنا پڑے گا اللہ حافظ,Transcribed,39.86,122,2
29.wav,السلام علیکم میرا نام حریم ہے اور اج میں اپ کو لیز کی پوری چیزوں کا بتاؤں گی ہمارے گھر میں پہلے ہم سب لیز کھاتے تھے لیکن پچھلے سال سے لیز میں پہلی والی بات نہیں رہی لیز اب بہت عام سا برانڈ بن گیا ہے ان کی خوشبو اور ذائقہ برا ہوتا جا رہا ہے ان کی پیکنگ بھی گندی ہوتی ہے اور یہ بے ذائقے ہونے لگتے ہیں ان کے اندر نمک اور مصالوں کی وجہ سے صحت کو نقصان ہو سکتا ہے اللہ حافظ,Transcribed,34.86,88,2
33.wav,جو کیک مشہور پروڈکٹ ہے اور اج کل لوگ مہنگائی کی وجہ سے نہیں لے رہے زیادہ تر افورڈ نہیں کر سکتے ہو پیسے ملتے ہیں اور کہاں لے بھائی 100 200 کا پہنچا دیا اور اس میں پاپڑ بھی کم ہوتے ہیں جو کہ یہ صحت مند پروڈکٹ نہیں ہے تو اب میں اس کو کرنا چاہتا ہوں تو کرنا چاہتا ہوں کہ زیادہ تر بچوں کو نہ دیں شکریہ,Transcribed,26.06,71,2
34.wav,جیسا کہ اپ جانتے ہیں بچپن میں پاکستان ہوتا ہے لیکن یہ چیز زیادہ بچوں کو ہمیں نہیں دینی چاہیے اس کے اندر کوئی ہمیں پروٹین کوئی اس طرح کی چیز ہمیں نہیں ملتی لیکن پھر بھی یہ بچے وغیرہ شوق سے کھاتے ہیں ہمیں جتنا ہو سکے ان جیسے پروڈکٹس کو بچوں سے دور رکھنا چاہیے اور بالکل ان کو نہیں دینی چاہیے بالکل اچھے نہیں ہیں اس لیے اپ بالکل اس کو اس طرح سے,Transcribed,21.21,77,2
40.wav,یار اپ پیپسی جو ہے نہ وہ بہت زیادہ بری چیز ہے پیپسی کو ہم نے نہیں پینا چاہیے جو بھی ہو بندے کو جو ہے وہ ایڈجسٹ کرنا چاہیے پیپسی کے بغیر کیونکہ پیپسی جو ہے اج کل ہر کوئی جو ہے پیپسی جو ہے اپ کا پینا جو ہے وہ عام ہو گیا ہے لیکن ہم جو ہے اس کی ڈس ایڈوانٹیج کو نہیں دیکھ رہی ہیں اور ہمیں اس کی ڈس ایڈوانٹیج کو مدنظر رکھتے ہوئے اس سے اوائڈ کرنا چاہیے اس کو پینا نہیں چاہیے تو یار بڑا فضول ہے تو پیپسی جو ہے ایک تو ہماری جسم کو نقصان بہت دیتا ہے تو اسی وجہ سے میں کمینٹ کرتا ہوں کہ پیپسی کوئی اچھی چیز نہیں ہے پینے کے لئے,Transcribed,40.96,125,2
42.wav,یار سیون کی بات کریں تو پینے میں تو مزہ اتا ہے لیکن اس کے نقصانات بھی بہت ہیں تو ہم نے اس کے نقصانات کو مدنظر رکھتے ہوئے اس چیز کو اوائڈ کرنا چاہیے ہمیں اور اس بارے میں ہمیں سیریس ہونا چاہیے کیونکہ اپنی ہیلتھ میں کمپرومائز نہیں کرنا چاہیے سو ڈیٹس وائی ائی ریکمنڈ یو ڈیٹ ڈونٹ یوز تھینک یو,Transcribed,24.79,63,2
49.wav,السلام علیکم میرا نام مرتضی ہے اور اج میں اپ کو ایک شارٹ ریویو دوں گا 7 8 کا سیون اپ ایک بہت مزے کی ڈرنک ہے لیکن اس کا ایک ڈس ایڈوانٹیج بھی ہے اس کو جتنا زیادہ کنزیوم کرتے ہیں اور دیر سے ہوں کنزیوم کر رہے ہیں تو یہ اس کا ہماری سیٹ پہ بہت ہارم کو ایفیکٹ ہے سو سے نئی ریٹ کروں گا کہ یہ ہمارے پے ایک فارمولے اس کا ہماری باڈی کے اوپر,Transcribed,30.21,80,2
51.wav,السلام علیکم میرا نام مرتضی ہے اور اج میں اپ کو سیب نیٹ کا ایک شارٹ ریلیو دوں گا سو سیون اپ ایک بہت مزے کی فضیلت ہے سب ٹھیک ہے میں بھی پیتا ہوں اور یہاں پر ایک مسئلہ اتا ہے کہ ابھی جو ہے نہ جو پیپسی کو ہے انہوں نے اپنی پرائسز بہت انکریز کرنی ہے تو جس کی وجہ سے جو ہے عام ادمی جو ہے اس کو افورڈ نہیں کر سکتا اور جو پرائس ہے وہ زیادہ ہے اور کوانٹیٹی جو ہے وہ بہت کم کرتی ہے مطلب ماڈلز کا سائز چھوٹا کر دیا ہے سو اس لئے سیبنا میں ابھی اگر ریٹنگ تو 600,Transcribed,39.1,110,2
53.wav,السلام علیکم میرا نام مرتضی ہے اور اج میں اپ کو پیپسی کا ایک شارٹ ریویو دوں گا تو دراصل پیپسی ایک بہت اچھی ایک ہیڈ ڈرنک ہے بٹ ان دی ادر ہینڈ اس کا ایک جو ہے ڈس ایڈوانٹیج دیا پیپسی کو کنزیوم کرنے کا وہ ڈس ایڈوانٹیج یہ ہے کہ پیپسی جو ہے وہ تو پیسج اف ٹائم اپ کے جو جسم ہے اس کو ڈیمج کرتی ہے ایک ایگزیمپل تھی کہ گوشت کا ٹکڑا جو تھا وہ پیپسی میں ڈالا گیا اگلے دن جب دیکھا گیا تو وہ پوری طرح سے خراب ہو چکا ہے پیپسی بہت ہارم فل ہے اپ کے لئے 100 اپ کو پیپسی تو نہیں کرنی چاہیے,Transcribed,38.85,114,2
56.wav,السلام علیکم میری بہن میرا نام حسن جہانگیر ہے اور اج اس کو اٹک ربیع ہے وہ ہے وسیم ہے تو پیپسی کے بارے میں نیگیٹیو ریویوز کی کیسی طور پر پوزیٹیو ہیں کیونکہ لوگوں کا پیپسی اکثر نہیں بھی پیتے کیونکہ یہ خطرناک ہوتی ہے ڈائبیٹیز ایشو لگاتے ہیں اس کے حملے کی بھی ا سکتے ہیں اور لوگ اس کو دو,Transcribed,23.53,63,2
60.wav,السلام علیکم میری بہن میرا نام احمد پریشانی ہے اور اس کوڈر پریویو کرنے جا رہا ہوں تو ویب سی کے بارے میں زیادہ لوگوں کے بارے میں نیگیٹیو ریویوز ہیں مطلب نہیں سمجھا جاتا اچھا اس کو کیوں کہ مارکیٹ میں کیونکہ یہ اکثر شارٹ ویڈیوز میں دیکھا گیا تھا کہ پیپسی جو ہوتی ہے وہ رسٹ اتارنے کے لیے یوز ہوتی ہے اور ایسی مطلب بہت سی خطرناک چیزوں کے لیے پیپسی کا استعمال کیا جاتا ہے اور وہی ہمارے بارے میں,Transcribed,26.11,84,2
65.wav,السلام علیکم میں اپ کو کسی کے پاس سیون اپ کے بارے میں بتاؤں گی مجھے پسند نہیں ہے سیون اپ اور اس کی وجوہات یہ ہے کہ ہر ٹیسٹ بھی پیسہ نہیں رہا جیسے پہلے تھا ملاوٹ کرنے لگے ہیں فیک پروڈکٹس اور کیمیکل والے پروڈکٹس یوز کرنے لگے ہیں بٹ سیون اپ والے اس وجہ سے لوگ اس کی پرائس بھی بہت زیادہ ہوگئی ہے اور اس وجہ سے لوگ جیتے بھی نہیں ہیں تو اور بھی چیزیں ہیں جو اس کو کمپلیٹ کر رہے ہیں پیپسی 7 کو کوکا کولا اور اس کو کمپلیٹ کریں اس کو اگر پروڈکٹ زیادہ ہو سکتے ہیں ریکمنڈ کرتے ہیں,Transcribed,51.11,109,2
67.wav,السلام علیکم میں اج اپ کو پیپسی کے بارے میں بتاؤں گی تفصیل لوگوں کے لئے فائدے مند بھی ہے اور نقصان نہیں ہے دونوں چیزیں ہوتی ہیں ہر چیز میں فائدہ نہیں کرتی ہے اگر اپ دیکھیں تو جب مجھے بچوں کے لئے نقصان دہ ہے اور بوڑھوں کے لئے بھی ہے مگر ان کئی اس میں کئی طریقوں میں نقصان دینی ہے اگر اپ دیکھیں اس کے فائدے ہم بیان کرتے ہیں کہ جب اپ کھانا زیادہ کھا لیتے ہم چل نہیں ماری ہوتے تو ہر تفصیل ٹھیک ہے ہم اپنا کھانا ڈائجسٹ کر سکتے ہیں اور اس لئے اس کے نقصان یہ ہے کہ جب بچے پیپسی پیتے ہیں تو ان کی ہڈیاں کمزور ہو جاتی ہے جن کی وجہ سے روز نہیں ہوتی ہے اس لئے تفصیل بچوں کا نہیں ہونا چاہیے,Transcribed,47.03,136,2
71.wav,السلام علیکم میں جب پولیس کے بارے میں بتاؤں گی پلیز اچھے بھی ہوتے ہیں اور برے بھی ہوتے ہیں ہر کسی کے لئے اچھے نہیں ہوتے اور نہ ہر کسی کے لئے برے ہوتے ہیں وہ اپنے مطابق کھاتا ہے تو اس وجہ سے ہر کسی کو پسند نہیں اتے اور نہ کسی کو برا لگتا ہے مطلب کہ ایک دفعہ ہم پہلے ہوئے تھے تو میں تو ان کے دل نہیں مجھے پسند نہیں ہے تو اسی وجہ سے کہ ہر کسی کا ٹیسٹ اور بہت ہی اچھا اس کی نہ کرنے کی وجہ یہ ہوگی کہ وہ پہلے کھاتی ہو گی کھاتی تھی پہلے اور اب اس کو پسند نہیں رہے کیونکہ ہم نے جو پیکیجنگ وغیرہ ہو تو دونوں میں اسٹارٹ کر دیے ہیں اس وجہ سے انہوں نے اس کا دل اٹھ گیا,Transcribed,43.22,138,2
73.wav,السلام علیکم میں جب کو لیٹ کے بارے میں بتاؤں گی اس کی اور خامیاں بھی ہیں اج اپ کو میں حامیوں کے بارے میں بتاؤں گی پلیز جو پکچر میں بنتے ہیں پہلے جب بنائے جاتے تھے تب بہت اچھی پیکجنگ ہوتی تھی اور ان کے بارے میں ساری وہ چیزیں خالص چیزیں ہیں اور حلال چیزیں استعمال کرتے تھے حلال تو ابھی بھی کرتے ہیں مطلب کہ جس طرح استعمال کریں گے تو وہ ملاوٹ کر دیتے ہیں بیچ میں تو اور ان کا ٹیسٹ اور جو پیکیجنگ ہو رہی ہے اج کل کسی کو بھی کھانے کا دل نہیں کرتا اس وجہ سے ملاوٹ اور دو نمبری کرنا اسٹارٹ کر دیا تو اس وجہ سے اس کی لیزم کھانے کا دل نہیں کرتا ہے,Transcribed,45.44,127,2
75.wav,اب میں اپ کو اس کے منفی رجحانات کے بارے میں بتانا چاہوں گا کہ سیون اپ جو ہے یہ بہت زیادہ اسٹرانگ ہے یہ بہت زیادہ اسٹرونگ ہے اور اس کو پینے کا نقصان زیادہ پینے کا نقصان یہ ہوتا ہے کہ اپ کی جو بونز ہیں اپ کی ان میں کیلشیم کی جو بنانے کی جو ہوتی ہے,Transcribed,20.33,60,2
80.wav,السلام علیکم میرا نام بلال لکھویرا ہے اور اج کا موضوع خاص ہے پیپسی کی بوتل ہاں ہاں پیپسی کی بوتل تو پیپسی کی بوتل گرمیوں میں پی جائے یا پھر سردیوں میں بھی جائے اس سے کوئی فرق نہیں پڑتا لیکن اگر میں اپ سے کہوں کہ یہ اپ کو پانی سے ہمیشہ ہمیشہ کے لئے دور کر دے گا تو یہ کہنا غلط نہ ہوگا کیونکہ انسان جب ایک چیز کو بار بار کرتا ہے تو اس وہ اس کا عادی ہوجاتا ہے تو لہذا اپ اس چیز سے بچیں اس کا ذائقہ بھی صحیح نہیں ہے اور یہ بہت اس کو پینے کے بعد انسان بہت سی بیماری میں مبتلا ہو جاتا ہے تو لہذا اس چیز سے اپ پرہیزگاری اختیار کریں اور بچیں شکریہ,Transcribed,48.22,128,2
81.wav,تو اج کا ہمارا عنوان خاص سے لیز ہاں ہاں لیز تو لیز لاہور میں بنتی ہوں یا پھر اسلام اباد میں اس سے کوئی فرق نہیں پڑتا لیکن فرق تو پڑتا ہے جب ان کی قیمتیں اسمان کو چھوئیں تو اج کے زمانے میں لیز کی قیمتوں میں بے حد تک اضافہ ہو چکا ہے یہ جتنی مہنگی ہو گئی ہے کہ غریب کی پہنچ سے باہر ہوتا جارہا ہے تو یہ بالکل نہیں صحیح,Transcribed,23.82,76,2
86.wav,اگر میں اس ٹائپ کی بری چیزوں کے بارے میں بات کروں تو اس سے کافی زیادہ ڈائبیٹیز کے پیشنٹ بھی بڑھ رہے ہیں اور دوسرا ٹوتھ دے کے کافی نارمل ہے اس کے اندر کیوں کہ شوگر کی مقدار بہت زیادہ ہے اسپریڈ کے اندر اس کے علاوہ یہ کاسٹ اف ایکٹیو نہیں ہے اور اس کے پرائسز کافی زیادہ ہے پاکستان میں جس کی وجہ سے کم بکتی,Transcribed,19.99,70,2
89.wav,جو چیز پیپسی کے بارے میں مجھے بری لگتی ہے وہ یہ ہے کہ ایک تو باہر کے مالک نے اس کے فلیور جو ہیں جو کافی زیادہ ہیں حالانکہ پاکستان میں اس کی صرف ایک ہی ہے اور ایک ہی فلیور پایا جاتا ہے جس کی وجہ سے ہمیں باقی فلیورز کا مزہ چکھنے کا موقع نہیں ملتا اور یہ کے باقی اس میں یہ ہے کہ کافی زیادہ چینی کی مقدار کاربو ہے اس میں کافی ہوتی ہے جو کہ ایک ان ہندی پرسن کے لیے اچھا نہیں ہے,Transcribed,26.19,91,2
93.wav,اور پیپسی جو ہے وہ میں اپنا زائد ہوں اپنا نظریہ دوں تو یہ ہے کہ مجھے کافی پسند ہے ٹھیک ہے لیکن کچھ لوگ اس میں سے پسند نہیں ہوتی کہ اس میں چینی کی مقدار زیادہ ہوتی ہے کچھ شوگر والے لوگ ہوتے ہیں ٹھیک ہے اسے پسند نہیں کرتے کچھ ایسے لوگ ہوتے ہیں جن کو الگ الگ بیماری ہوتی ہے وہ یہ چیز پسند نہیں کرتے تو اور,Transcribed,23.73,72,2
94.wav,میرا نام احمد ہے اوور ال پیپسی سے میں کافی مطمئن ہوں میں ہر اسنیک کے ساتھ اس کو ٹرائی کرتا ہوں اور میری یہ ڈیل لائف میں بہت زیادہ یوز کرتا ہوں بٹ اوائڈ کرتا ہوں زیادہ اوور یوز کیونکہ شوگر کے مریضوں کے لئے زیادہ اچھی نہیں ہے وہی بات کاربوہائیڈریٹس زیادہ ہے جس کی وجہ سے میں اس کا,Transcribed,20.41,62,2
95.wav,میرا نام احمد ہے اور پیپسی کے بارے میں جو چیز مجھے بری لگتی ہے وہ یہ ہے کہ اس کا زیادہ استعمال صحت کے لئے اچھا نہیں ہے کیونکہ اس میں کاربوہائیڈریٹس کافی زیادہ مقدار میں پائے جاتے ہیں جو انسانی صحت کے لیے خاص کر کے شوگر کے مریضوں کے لیے اچھی نہیں ہے اور اس کے زیادہ استعمال کرنا کافی لوگوں کو بولی لگتے,Transcribed,26.12,67,2
109.wav,اپ مجھ سے پیپسی کا ریویو لیا جا رہا ہے پیپسی بہت ہی مضرس ہے رینک کیا ہے ہم کو اس سے اوائڈ کرنا چاہیے پیپسی انسان کے اندر کے نظام کو کھوکھلا کر دیتی ہے یہ قسم کا تیزاب ہی ہے جو ہم پیتے ہیں اس لیے ہمیں چاہیے کہ ہم اس سے اوایڈ کریں اور ایک اور چیز ہے کہ یہ اسرائیلی برانڈ ہے اور اسرائیلی فلسطین میں اسرائیل سپورٹ کا یہ سہیل کو سپورٹ کر رہی ہے فائنینشل اسپیکٹ ہے اور صحت کے لحاظ سے اس کو کوئی انسان کے اندر تباہی کرتی ہے وہ بھی نیگیٹیو رسپیکٹ ہے اس لیے ہمیں چاہیے کہ ہم اس کو پروڈکٹ کو بتاؤ,Transcribed,37.61,113,2
File,Transcription,Status,Length,WordCount,Senti
